{
  "rules": {
    // Global rules
    ".read": "auth != null",
    ".write": "auth != null",

    // Products node
    "products": {
      ".read": true
    },

    // Metadata node
    "meta": {
      ".read": true
    },

    // Orders node with index
    "orders": {
      ".indexOn": ["userId", "status", "referrerId"]
    },

    // Payout requests node with index
    "payoutRequests": {
      ".indexOn": "status"
    },

    // Users node: each user can only read/write their own data
    "users": {
      "$uid": {
        ".read": "$uid === auth.uid",
        ".write": "$uid === auth.uid"
      },
      ".indexOn": ["profile/referrerId"]
    },

    // Referral system — added efficiently
    "referrals": {
      "$referralId": {
        ".read": "auth != null && (data.child('userId').val() === auth.uid || data.child('referredUserId').val() === auth.uid)",
        ".write": "auth != null && !data.exists() && newData.child('userId').val() === auth.uid",
        ".indexOn": ["userId", "referredUserId"]
      }
    },

    "userReferrals": {
      "$userId": {
        ".read": "auth != null && $userId === auth.uid",
        ".write": "auth != null && $userId === auth.uid"
      }
    },

    "referralStats": {
      "$userId": {
        ".read": "auth != null && $userId === auth.uid",
        ".write": "auth != null && $userId === auth.uid"
      }
    }
  }
}